CONTINENTE,CODIGO PAIS,PAIS,2013,2012,2011,2010,2009,2008,2007,2006,2005,2004,2003,2002,2001
EUROPA,AD , Andorra,"760,679.0","750,097.1","799,049.5","784,851.2","782,549.3","895,207.9","964,198.3","932,039.2","924,523.2","901,894.1","845,983.9","788,330.1","618,634.5"
EUROPA,AL ,Albania,"43,554.4","49,452.0","55,711.5","40,897.4","59,426.4","43,220.6","33,532.1","29,490.9","30,472.6","29,883.7","26,646.6","22,031.8","18,526.0"
EUROPA,AT ,Austria,"1,887,677.6","1,881,836.1","1,888,779.0","1,550,730.7","1,358,064.8","1,457,838.9","1,399,639.4","1,407,304.8","1,320,571.3","1,287,817.0","1,255,711.7","1,216,185.7","1,164,099.8"
EUROPA,BA ,Bosnia-Herzegovina,"43,863.3","45,691.6","100,651.0","58,110.6","43,875.0","41,459.8","32,239.0","28,739.8","27,381.6","31,964.6","32,599.1","37,647.3","33,094.7"
EUROPA,BE ,Bélgica,"6,113,532.8","6,265,214.4","6,080,732.8","5,271,801.8","4,396,711.9","5,660,607.5","5,217,470.8","4,978,720.8","4,383,354.5","4,447,655.3","4,128,905.1","3,529,708.7","3,723,239.6"
EUROPA,BG ,Bulgaria,"1,329,888.6","1,043,746.6","1,157,719.5","433,865.8","367,158.4","298,175.7","244,300.9","245,479.1","214,812.0","194,298.0","178,590.0","141,076.4","113,968.6"
EUROPA,BY ,Belarús,"143,486.0","93,554.9","98,423.6","79,566.3","57,461.0","3,539.8","54,623.7","38,717.9","33,121.7","27,884.6","28,089.4","24,986.1","18,741.3"
EUROPA,CH ,Suiza,"4,181,334.8","4,619,674.4","4,177,319.0","3,429,301.3","2,663,860.6","2,498,611.0","2,428,834.5","2,629,965.5","2,568,904.1","1,550,205.0","1,471,830.6","1,639,806.0","1,261,518.7"
EUROPA,YU ,Servia y Montenegro,..,..,..,..,..,..,..,..,"32,415.1","87,345.1","72,338.3","66,829.5","58,686.5"
EUROPA,CY ,Chipre,"197,308.4","286,057.1","232,511.1","311,045.3","224,813.1","323,293.2","215,332.0","193,850.7","160,146.8","168,113.6","175,781.5","146,974.3","147,303.3"
EUROPA,CZ ,República Checa,"1,610,714.2","1,545,291.1","1,622,747.0","1,639,308.0","1,277,012.1","1,475,238.7","1,374,209.1","1,193,519.5","990,936.1","875,062.4","861,733.1","805,072.3","736,227.9"
EUROPA,DE ,Alemania,"23,560,902.8","23,871,570.5","22,152,165.7","19,576,442.2","17,699,580.9","19,897,143.7","19,892,585.4","18,591,953.8","17,607,861.5","17,084,118.5","16,492,008.1","15,318,080.8","15,375,975.5"
EUROPA,DK ,Dinamarca,"1,178,593.7","1,214,344.7","1,174,644.0","954,656.8","885,329.3","1,417,550.5","1,371,967.8","1,361,558.3","1,096,462.3","938,317.3","907,863.1","982,003.4","859,806.9"
EUROPA,EE ,Estonia,"145,286.2","127,653.2","100,903.3","76,969.5","65,852.1","107,077.1","121,104.0","113,681.3","91,202.9","73,877.5","63,435.0","50,195.3","35,417.4"
EUROPA,FI ,Finlandia,"709,327.1","625,678.5","780,880.6","571,176.5","433,514.0","588,693.3","805,175.2","730,715.8","641,713.4","585,978.5","545,697.0","483,742.8","475,244.5"
EUROPA,FO ,Islas Faroe,"2,121.8","1,846.2","1,693.2","1,209.1","1,540.2","2,443.6","6,322.9","1,007.4","41,162.4",714.1,759.6,"7,726.4","1,867.8"
EUROPA,FR ,Francia,"37,620,744.4","36,573,757.5","37,171,156.6","33,941,584.3","30,922,666.6","34,490,973.2","34,786,671.7","31,894,929.6","29,739,549.7","28,486,965.2","26,529,065.1","25,350,812.3","25,324,325.8"
EUROPA,GB ,Reino Unido,"15,836,667.9","14,242,908.4","14,116,171.6","11,540,763.9","10,091,655.5","13,381,379.3","14,278,537.1","13,579,224.4","13,025,628.1","13,266,041.4","12,901,796.1","12,863,453.2","11,714,445.9"
EUROPA,GI ,Gibraltar,"1,950,999.1","2,419,657.8","1,707,633.9","1,197,369.5","923,654.2","1,078,759.1","972,009.3","900,772.5","690,249.9","458,850.5","421,680.0","380,663.1","370,318.4"
EUROPA,GR ,Grecia,"1,480,067.4","1,448,625.2","1,548,223.6","1,641,101.7","1,784,948.0","2,583,487.2","2,210,815.2","1,907,776.6","1,718,779.9","1,799,039.0","1,668,651.2","1,566,562.5","1,420,416.9"
EUROPA,HR ,Croacia,"190,431.9","234,557.6","227,054.7","203,168.5","192,033.6","288,113.8","288,324.9","254,981.4","203,500.0","210,462.4","196,508.5","168,891.7","121,684.1"
EUROPA,HU ,Hungría,"1,327,005.8","1,333,788.3","1,336,325.0","903,083.9","722,558.8","1,078,048.0","1,017,810.7","844,064.6","779,383.5","774,570.3","739,326.7","635,459.1","601,359.7"
EUROPA,IE ,Irlanda,"841,253.4","705,699.0","694,266.8","723,614.1","588,013.8","891,621.3","1,041,425.3","1,047,432.9","948,554.7","900,357.2","787,866.8","849,911.7","799,259.0"
EUROPA,IS ,Islandia,"25,536.7","35,012.2","23,063.4","22,892.0","23,108.1","34,810.5","122,304.6","47,610.5","48,714.2","37,011.9","35,255.1","33,397.8","91,794.7"
EUROPA,IT ,Italia,"16,418,548.4","16,798,256.0","17,541,572.8","16,488,630.5","13,069,833.6","15,177,288.6","16,475,234.4","14,528,670.4","12,949,035.5","13,276,312.5","13,415,829.1","12,551,399.2","11,699,411.0"
EUROPA,LI ,Liechtenstein,"5,382.7","8,179.8","6,676.0","4,710.4","3,909.9","4,307.8","3,552.2","8,319.7","4,283.2","4,295.7","3,942.4","5,151.6","3,648.2"
EUROPA,LT ,Lituania,"313,834.0","267,985.0","213,071.6","174,705.5","160,747.8","276,399.9","324,931.5","178,706.9","129,645.4","100,306.4","114,638.1","163,195.6","151,030.3"
EUROPA,LU ,Luxemburgo,"215,692.7","159,304.6","180,630.2","170,291.9","198,200.5","232,022.2","237,728.4","179,789.1","162,173.8","190,127.3","169,619.5","148,512.8","168,271.3"
EUROPA,LV ,Letonia,"169,016.2","161,091.8","113,771.6","80,170.0","80,086.6","112,696.3","116,506.4","84,067.5","68,063.8","55,612.8","64,828.2","57,711.9","54,931.3"
EUROPA,MD ,Moldavia,"27,303.2","20,465.1","18,495.5","17,578.6","17,683.1","16,181.9","12,235.5","11,189.5","11,342.9","9,488.0","7,679.1","6,763.3","5,801.9"
EUROPA,ME ,Montenegro,"27,578.7","15,701.0","15,547.2","16,576.1","19,584.0","24,552.1","21,828.2","7,268.0","8,233.4",..,..,..,..
EUROPA,MK ,Macedonia,"38,544.1","42,015.8","32,752.0","31,512.9","28,937.0","27,101.2","25,019.0","32,166.5","19,328.8","23,985.2","23,701.5","16,883.8","13,751.9"
EUROPA,MT ,Malta,"125,272.6","243,535.0","218,341.6","157,312.2","161,124.1","118,760.6","139,805.4","90,967.5","87,575.0","117,138.1","110,043.7","203,347.8","93,469.2"
EUROPA,NL ,Países Bajos,"6,807,669.7","6,982,901.5","6,346,579.4","5,877,528.7","4,826,319.9","5,936,685.0","6,042,946.4","5,636,940.7","4,845,586.0","4,894,814.9","4,704,935.0","4,315,802.1","4,584,117.3"
EUROPA,NO ,Noruega,"984,984.4","955,361.2","1,541,541.5","809,787.3","797,817.0","988,128.5","1,414,191.4","1,268,914.9","1,158,920.4","717,637.8","465,492.8","498,313.3","565,660.7"
EUROPA,PL ,Polonia,"3,796,563.8","3,497,059.0","3,478,594.1","2,803,196.2","2,427,055.4","2,716,378.1","2,446,204.5","1,843,508.6","1,551,953.9","1,479,718.1","1,367,558.1","1,293,465.5","1,153,833.7"
EUROPA,PT ,Portugal,"17,485,604.8","15,826,898.1","17,561,493.0","16,439,589.3","14,707,852.3","16,719,536.7","16,002,867.7","15,173,060.4","14,838,205.3","14,340,710.9","13,291,980.6","13,559,606.0","13,225,180.0"
EUROPA,RO ,Rumania,"1,281,286.0","1,215,328.6","1,357,568.4","875,495.3","690,859.1","1,055,249.0","971,813.8","758,228.3","580,447.5","439,085.1","324,373.8","240,880.9","184,695.3"
EUROPA,RU ,Rusia,"2,818,345.2","2,950,808.1","2,526,290.1","1,991,289.9","1,476,321.3","2,836,909.2","2,093,116.6","1,513,594.1","1,098,089.8","905,143.4","818,780.8","794,819.0","744,224.6"
EUROPA,SE ,Suecia,"1,877,407.0","1,814,679.8","2,015,153.5","1,497,854.9","1,215,637.0","1,638,931.4","1,696,437.6","1,638,543.1","1,492,965.2","1,475,496.2","1,319,536.4","1,215,053.4","1,303,668.3"
EUROPA,SI ,Eslovenia,"459,512.9","379,018.6","440,614.5","402,922.8","396,632.9","491,431.5","482,594.2","441,876.9","406,416.1","332,771.3","323,490.8","355,991.6","320,023.8"
EUROPA,SK ,Eslovaquia,"653,433.4","603,852.4","594,313.9","456,142.7","401,366.3","471,345.4","519,043.4","450,234.9","367,226.3","324,207.9","482,057.7","498,073.2","339,522.4"
EUROPA,SM ,San Marino,"7,171.8","7,834.7","9,075.7","8,532.1","6,406.0","11,161.3","12,685.8","14,365.9","11,167.4","10,501.2","10,347.2","8,204.9","9,935.3"
EUROPA,UA ,Ucrania,"418,441.0","368,986.6","346,800.9","257,276.8","185,278.1","407,562.6","323,738.0","259,735.2","167,499.7","177,720.5","156,761.9","116,880.3","97,891.1"
EUROPA,VA ,Ciudad del Vaticano,80.1,98.7,138.1,78.2,14.0,99.6,333.9,304.0,"1,336.5",188.1,243.1,187.7,54.0
EUROPA,XK , Kosobo,"12,311.6","10,338.1","11,479.2","9,541.9","7,858.2","6,633.5","5,840.0","5,639.5","3,220.3",..,..,..,..
EUROPA,XS , Servia,"139,742.2","156,364.6","127,161.1","90,362.7","106,723.0","129,868.3","111,004.5","84,600.9","47,480.6",..,..,..,..
AFRICA,AO ,Angola,"367,729.1","318,929.4","256,626.3","298,415.8","355,748.7","483,825.6","198,202.8","195,642.0","89,804.8","66,955.7","93,488.9","60,908.7","87,044.8"
AFRICA,BF ,Burkina Faso,"30,632.2","34,647.7","28,902.1","27,286.7","21,484.5","24,323.2","25,471.4","14,757.2","17,369.8","18,002.4","17,629.7","20,822.5","12,381.1"
AFRICA,BI ,Burundi,452.9,598.8,669.7,"1,033.5","1,591.5","1,199.5","1,857.1",266.4,"1,281.4",417.4,588.3,794.8,492.2
AFRICA,BJ ,Benín,"55,887.5","59,676.2","97,202.2","86,563.9","42,187.8","47,555.7","31,505.0","23,042.7","18,160.1","15,907.1","21,397.4","23,549.8","25,309.4"
AFRICA,BW ,Botswana,"4,268.2","2,981.1","2,226.5","2,716.5","39,033.1",2.3,"10,499.3","2,008.7",790.5,"1,036.9",803.0,"1,410.1","1,021.5"
AFRICA,CD ,República Democrática Del Congo,"31,559.6","19,550.8","19,618.1","23,247.7","18,299.2","18,418.8","14,964.7","15,303.0","8,217.1","8,509.7","6,531.6","5,019.9","3,618.2"
AFRICA,CF ,República Centro Africana,"2,344.3","3,302.6","2,609.6","1,790.8","1,914.3","8,689.4",940.5,"3,727.4",706.1,"1,315.2",586.2,"4,385.0","7,018.3"
AFRICA,CG ,Congo (Republica),"51,562.5","35,270.2","30,716.1","23,379.0","34,462.1","44,840.9","26,007.5","15,259.6","13,528.1","16,399.3","10,441.6","11,161.5","10,960.9"
AFRICA,CI ,Costa de Marfil,"184,805.8","135,812.7","114,729.7","110,116.9","102,245.0","102,019.4","70,043.0","49,898.8","49,126.7","49,634.4","71,838.4","78,196.6","78,995.1"
AFRICA,CM ,Camerún,"146,891.0","88,423.5","63,967.8","53,997.5","44,241.6","46,191.7","35,689.4","26,811.6","32,782.1","33,419.5","40,687.3","38,528.1","37,664.6"
AFRICA,CV ,Cabo Verde,"38,723.9","39,852.1","48,564.9","45,222.6","31,591.6","43,363.0","32,589.2","30,887.0","20,796.4","17,395.8","10,772.5","12,164.2","12,183.7"
AFRICA,DJ ,Djibouti,"11,257.3","6,010.6","7,385.1","4,529.2","4,987.5","6,932.7","2,868.7","3,977.3","2,663.6","1,669.6","2,497.2","6,564.0","2,291.7"
AFRICA,DZ ,Argelia,"3,859,083.4","3,461,146.7","2,498,804.8","2,041,154.0","2,093,592.7","2,162,943.8","1,349,767.5","1,076,091.1","1,238,945.8","828,096.8","758,984.4","752,484.3","579,770.5"
AFRICA,EG ,Egipto,"1,060,221.9","1,077,828.7","803,162.3","901,911.4","837,752.0","665,964.4","465,260.4","416,472.7","411,834.5","668,711.2","360,665.3","330,976.1","399,073.3"
AFRICA,EH ,Western Sahara,48.0,..,..,..,..,..,..,..,..,..,..,..,..
AFRICA,ER ,Eritrea,"1,314.2",549.5,"1,385.1",709.4,857.8,626.7,433.5,952.7,581.1,463.9,"1,760.3","4,294.7","3,968.6"
AFRICA,ET ,Etiopia,"48,183.0","102,894.4","39,566.1","50,228.4","29,588.8","22,048.4","36,975.2","52,337.7","17,472.7","10,075.3","14,361.4","11,437.2","13,405.6"
AFRICA,GA ,Gabón,"55,290.3","40,125.5","43,838.3","35,750.3","26,508.0","38,100.7","42,482.6","32,262.1","47,887.2","20,333.3","17,805.4","32,952.9","22,050.3"
AFRICA,GH ,Ghana,"176,981.6","259,265.5","173,146.7","119,213.1","79,995.3","88,299.8","100,148.3","53,447.3","69,019.3","69,095.6","59,853.8","60,103.7","55,019.6"
AFRICA,GM ,Gambia,"10,776.6","10,200.7","9,742.9","14,044.4","10,565.2","9,756.9","9,590.8","6,990.7","7,473.8","7,453.6","8,862.9","9,862.0","6,913.3"
AFRICA,GN ,Guinea,"45,791.4","37,192.6","23,103.5","19,986.2","31,501.3","70,642.6","61,353.8","16,721.3","21,627.7","18,113.0","14,767.9","17,488.0","18,236.8"
AFRICA,GQ ,Guinea Ecuatorial,"338,587.2","297,869.6","268,929.0","225,366.6","194,389.6","144,630.4","127,122.4","115,716.1","90,473.6","90,758.7","81,253.1","64,442.2","49,507.7"
AFRICA,GW ,Guinea-Bissau,"9,223.8","6,345.6","6,486.0","5,875.8","4,200.4","3,236.9","4,121.4","2,607.5","2,343.1","3,023.8","5,689.1","2,622.3","1,930.7"
AFRICA,IO ,Territorio Británico del Índico,2.8,..,..,..,..,..,..,..,..,16.4,..,..,494.7
AFRICA,KE ,Kenia,"90,533.9","113,925.5","55,028.0","43,463.8","43,300.9","46,717.9","50,145.9","67,947.2","34,095.8","36,773.0","27,858.4","33,558.4","185,337.1"
AFRICA,KM ,Comores,923.0,"2,332.3","2,251.7","6,322.9","1,208.3","2,306.0",370.7,356.9,"2,647.0","2,020.6","1,440.8",584.0,348.9
AFRICA,LR ,Liberia,"39,033.8","18,942.0","42,428.2","28,181.1","30,396.1","28,600.6","22,132.1","131,074.1","100,832.1","15,077.8","144,949.1","3,677.6","10,673.9"
AFRICA,LS ,Lesotho,335.4,186.8,487.5,166.7,103.7,152.8,67.7,7.5,2.6,23.0,89.4,173.6,"4,988.6"
AFRICA,LY ,Libia,"462,846.2","379,980.2","109,670.7","253,618.2","271,537.8","248,293.7","114,674.5","84,794.6","176,246.7","111,036.5","125,472.4","96,516.1","90,278.3"
AFRICA,MA ,Marruecos,"5,508,741.7","5,294,760.0","4,130,312.3","3,482,819.4","3,085,307.1","3,663,640.2","3,064,831.8","2,602,929.7","2,242,577.6","2,186,336.7","1,874,627.1","1,695,196.3","1,497,819.0"
AFRICA,MG ,Madagascar,"44,430.2","51,317.8","20,273.6","25,259.0","15,837.6","16,287.1","16,092.6","18,142.0","14,894.0","20,824.2","20,117.8","14,928.4","13,604.4"
AFRICA,ML ,Malí,"33,911.3","37,809.6","36,353.9","27,716.2","23,275.3","22,115.4","19,561.2","15,971.3","20,366.9","15,958.6","14,807.2","20,245.9","28,496.6"
AFRICA,MR ,Mauritania,"135,850.9","140,374.7","145,751.3","79,565.5","53,646.1","85,902.4","82,308.9","61,226.6","50,389.1","49,451.8","61,498.9","47,824.7","39,001.5"
AFRICA,MU ,Mauricio,"123,218.6","106,136.7","72,400.4","51,356.5","39,367.5","43,657.6","46,711.0","34,202.0","33,078.1","28,953.7","31,502.7","32,779.3","34,181.2"
AFRICA,MW ,Malawi,"1,806.5","2,360.2",508.0,907.4,617.2,"1,533.0","1,220.9",498.6,780.6,"5,869.6",574.6,965.3,752.2
AFRICA,MZ ,Mozambique,"42,043.8","34,170.0","28,117.3","16,598.7","16,395.6","23,769.5","13,847.4","13,243.0","21,328.5","10,336.7","16,572.7","15,297.7","27,796.9"
AFRICA,NA ,Namibia,"47,603.5","23,180.8","15,209.1","11,394.3","11,655.0","15,036.5","14,288.4","13,276.8","23,218.6","11,791.6","29,201.0","22,165.6","11,706.9"
AFRICA,NE ,Níger,"7,289.6","6,092.0","6,577.2","5,694.1","4,957.1","4,989.9","2,591.9","2,027.5","2,479.2","3,258.3","3,459.5","4,975.5","2,951.9"
AFRICA,NG ,Nigeria,"381,735.7","330,716.2","274,609.0","257,834.8","218,365.7","239,357.2","184,990.6","193,613.0","215,291.3","260,099.8","182,407.5","200,202.0","196,909.6"
AFRICA,RW ,Ruanda,"2,019.2","6,579.9","5,567.0","2,028.9","16,777.2","6,608.7","5,379.2",690.8,"1,747.6",758.4,811.5,"1,583.8",829.6
AFRICA,SC ,Seychelles,"112,027.1","106,682.4","61,555.2","46,597.4","48,572.3","65,630.0","51,071.6","48,706.7","77,768.7","54,069.2","44,452.4","35,276.6","25,419.7"
AFRICA,SD ,Sudan,"34,580.6","30,781.0","24,724.7","25,238.0","26,857.0","22,506.7","26,112.7","24,687.6","27,808.1","17,820.3","13,904.9","12,063.1","13,222.8"
AFRICA,SH ,Santa Elena,"3,250.2",27.2,9.3,8.3,"1,749.5","6,114.7","8,191.4","12,434.0","4,838.0","1,316.3","5,113.1",853.9,459.4
AFRICA,SL ,Sierra Leona,"15,349.4","17,393.6","17,311.7","13,850.3","10,965.2","7,497.7","3,448.7","2,882.9","3,016.6","4,965.2","7,938.7","9,604.0","3,862.7"
AFRICA,SN ,Senegal,"285,126.1","175,809.4","154,494.7","131,573.8","113,711.0","144,682.3","104,612.2","98,045.0","89,907.3","94,164.0","113,983.2","92,486.2","77,466.9"
AFRICA,DO ,Somalia,499.4,184.2,602.0,208.9,125.3,40.6,25.6,9.0,580.7,263.2,165.5,298.8,51.1
AFRICA,SS ,Sudan del Sur,"1,167.8",..,..,..,..,..,..,..,..,..,..,..,..
AFRICA,ST ,Santo Tomé/Príncipe,544.0,635.3,326.6,756.0,"1,431.3",138.6,247.3,115.7,331.8,187.6,577.8,"1,585.0",677.8
AFRICA,SZ ,Swazilandia,491.3,781.0,"1,414.6",740.0,474.6,608.6,635.2,"1,986.6","2,808.2",149.3,92.2,"1,631.4",156.0
AFRICA,TD ,Chad,"7,649.1","5,735.2","4,238.9","7,115.8","3,579.9","3,285.3","3,750.5","3,678.9","1,046.7","1,301.3","1,036.2","1,287.6",881.8
AFRICA,TG ,Togo,"201,579.1","155,286.2","68,615.1","27,020.0","17,082.2","45,548.2","30,445.2","16,802.8","15,313.1","17,974.9","14,201.9","19,685.4","14,438.7"
AFRICA,TN ,Túnez,"905,393.0","995,120.4","850,255.1","895,608.6","663,413.8","691,173.1","683,721.8","591,748.8","591,913.7","568,596.2","533,239.6","528,547.8","491,558.1"
AFRICA,TZ ,Tanzania,"33,016.0","28,958.1","36,347.7","18,807.5","17,985.7","18,242.0","15,422.6","10,538.1","12,000.7","19,558.5","19,916.3","12,686.6","9,602.9"
AFRICA,UG ,Uganda,"8,916.8","11,295.7","7,946.7","9,989.8","7,722.5","10,240.0","12,844.8","6,689.2","7,380.1","6,684.9","14,093.3","12,616.2","4,619.7"
AFRICA,YT ,Mayotte,"3,314.8","2,547.6","2,748.8","3,371.5","2,534.3","2,895.0","2,669.1","2,436.5","2,658.9","2,412.8","2,986.5","2,476.4","2,582.5"
AFRICA,ZA ,Sudáfrica,"1,406,044.5","1,057,773.4","949,303.7","859,721.7","551,569.7","648,250.0","811,482.9","775,124.0","656,417.4","491,379.0","369,208.9","354,890.0","328,127.4"
AFRICA,ZM ,Zambia,"11,022.5","9,657.4","8,339.2","8,802.7","3,423.1","2,565.2","4,920.4","3,854.2","2,765.5","3,821.6","4,313.0","2,013.7","1,941.9"
AFRICA,ZW ,Zimbabwe,"3,321.6","3,408.4","3,547.7","2,212.2",890.5,"2,028.3","3,993.1","2,120.7","2,084.8","3,193.0","3,018.2","5,879.3","5,416.9"
AMERICA,AG ,Antigua y Barbuda,981.2,"22,129.6","12,436.8","2,334.4","4,138.0","1,269.0","85,422.8","68,511.4","58,043.7","4,291.5","4,797.3","7,035.8","23,789.4"
AMERICA,AI ,Anguilla,418.7,120.5,46.0,75.8,117.2,98.1,91.8,44.3,127.2,47.1,44.3,104.0,206.4
AMERICA,AN ,Antillas Neerlandesas,0.0,"12,578.9","31,467.5","83,938.9","89,840.1","50,092.7","15,946.6","81,058.1","42,029.5","26,524.6","7,556.4","33,130.2","6,878.6"
AMERICA,AR ,Argentina,"1,336,477.8","980,299.8","1,009,171.7","824,131.2","605,480.9","700,731.1","697,359.1","545,209.4","481,018.4","441,226.8","426,269.7","303,581.2","746,098.5"
AMERICA,AW ,Aruba,"4,456.6","5,138.4","5,360.3","3,466.3","3,580.7","4,054.4","13,243.7","5,337.9","4,610.2","2,844.6","3,216.8","4,610.9","4,628.8"
AMERICA,BB ,Barbados,"4,205.7","3,660.5","3,195.9","2,399.5","1,860.8","4,020.4","5,699.9","3,332.4","5,148.1","10,094.5","4,927.4","3,807.4","4,570.2"
AMERICA,BB ,San Bartolome,361.1,..,..,..,..,..,..,..,..,..,..,..,..
AMERICA,BM ,Bermudas,"28,369.7","11,263.6","29,453.3","15,512.3","8,745.9","3,201.6","19,910.3","413,933.0","16,021.8","42,166.7","13,342.2","20,303.7","32,287.6"
AMERICA,BO ,Bolivia,"131,619.2","73,710.7","60,695.0","45,686.4","34,282.7","35,209.2","29,068.4","20,610.0","25,743.7","30,646.5","18,594.2","30,918.4","24,325.1"
AMERICA,BQ ,"Bonaire, San Eustaquio y Saba",138.2,..,..,..,..,..,..,..,..,..,..,..,..
AMERICA,BR ,Brasil,"3,634,460.5","2,807,545.0","2,595,180.7","2,202,307.0","1,345,371.6","1,641,122.7","1,301,968.0","1,123,197.0","1,018,881.6","1,088,403.8","878,519.9","1,024,284.5","1,362,633.0"
AMERICA,BS ,Bahamas,"43,183.2","85,937.2","31,615.0","5,988.4","25,419.4","45,869.5","301,262.8","452,116.5","513,413.4","109,148.3","129,656.3","117,783.9","106,516.7"
AMERICA,BZ ,Belice,"10,434.5","5,352.1","4,468.4","7,314.9","31,077.8","71,624.6","6,629.7","8,529.0","25,388.7","2,986.6","2,786.2","6,047.9","2,066.2"
AMERICA,CA ,Canadá,"1,115,097.4","1,285,243.0","1,179,164.8","906,125.4","724,341.4","6,652.1","745,999.0","781,800.7","708,529.2","661,387.9","643,265.0","652,938.1","533,855.7"
AMERICA,CL ,Chile,"1,239,846.6","1,102,669.6","882,656.7","722,606.5","681,311.6","611,607.2","744,070.6","554,335.8","496,301.4","425,600.9","461,276.8","418,125.1","487,737.6"
AMERICA,CO ,Colombia,"731,183.4","622,700.0","556,479.2","420,459.5","314,299.4","403,310.0","362,896.6","329,902.5","286,406.5","228,537.5","242,887.1","283,416.9","285,655.2"
AMERICA,CR ,Costa Rica,"176,328.8","135,251.0","120,956.3","87,986.3","77,976.8","96,528.6","98,291.1","88,508.6","82,524.4","98,991.5","110,073.5","132,568.2","108,850.5"
AMERICA,CU ,Cuba,"798,850.3","760,047.5","646,378.6","590,955.1","469,436.4","776,810.8","673,003.5","634,864.0","489,529.6","434,095.6","458,349.5","480,211.3","625,204.5"
AMERICA,CW ,Curaçao,"9,296.4",..,..,..,..,..,..,..,..,..,..,..,..
AMERICA,DM ,Dominica,209.1,316.3,205.5,104.5,279.8,"1,639.9",233.3,138.8,337.0,542.9,276.1,326.5,244.3
AMERICA,DO ,Republica Dominicana,"266,779.0","402,585.3","261,326.6","266,824.7","195,259.8","350,020.2","283,391.8","235,573.5","184,758.7","204,033.8","229,443.9","351,529.6","418,853.0"
AMERICA,EC ,Ecuador,"710,713.1","590,782.1","256,398.9","231,766.8","184,624.2","199,670.1","167,727.3","178,106.3","164,766.2","139,193.6","130,796.3","169,215.8","130,619.9"
AMERICA,FK ,Islas Malvinas,"11,426.7","1,867.1",957.4,"1,043.8","4,988.5","6,740.7","17,428.1","10,481.3",399.9,"20,235.9","19,865.2","9,417.2","15,222.0"
AMERICA,GD ,Granada,274.8,129.6,192.5,254.2,206.2,395.1,359.8,564.7,405.2,352.3,410.2,594.6,872.8
AMERICA,GL ,Groenlandia,282.3,181.2,73.9,259.4,27.0,186.3,71.6,80.2,90.0,71.0,257.7,41.5,"31,175.3"
AMERICA,GT ,Guatemala,"149,820.5","131,816.6","111,181.5","105,732.0","87,061.5","115,839.7","102,599.9","100,978.9","88,798.3","97,062.8","81,881.0","97,675.5","93,443.5"
AMERICA,GY ,Guyana,"1,507.0","1,275.4","2,153.8","3,660.5","1,435.4","1,016.6","1,807.0",987.5,"1,082.9","1,473.4","1,212.7","1,484.1","1,263.9"
AMERICA,HN ,Honduras,"64,172.6","57,863.1","72,487.2","40,082.2","43,610.9","56,171.9","64,717.2","51,534.0","51,257.7","58,540.3","100,930.1","50,351.8","39,883.3"
AMERICA,HT ,Haití,"17,750.2","12,390.0","14,860.5","15,801.4","8,842.8","7,687.0","6,589.2","11,381.9","13,847.0","7,459.7","6,408.1","8,375.8","7,919.6"
AMERICA,JM ,Jamaica,"22,738.4","14,591.3","17,038.5","24,414.8","21,161.7","42,220.9","32,273.5","37,871.2","29,838.3","15,508.3","18,821.9","15,686.3","16,891.7"
AMERICA,KN ,San Cristobal y Nieves,225.0,296.1,486.9,"1,314.3","1,591.1","2,773.3","7,875.0","12,567.0",310.6,70.5,114.1,"1,108.6",840.2
AMERICA,KY ,Islas Caimán,"23,501.9","30,196.7","27,704.3","30,521.0","40,347.3","13,487.9","96,827.1","749,980.8","270,128.9","205,645.2","434,992.3","115,668.3","100,559.1"
AMERICA,LC ,Santa Lucia,399.4,414.3,457.7,502.9,392.2,504.5,768.1,785.1,791.4,817.9,442.3,"2,142.5",377.3
AMERICA,MS ,Montserrat,92.5,29.6,3.4,8.0,56.7,71.2,119.1,70.1,15.1,..,33.1,..,3.4
AMERICA,MX ,México,"3,221,430.3","3,271,244.2","2,934,062.3","2,805,973.5","2,471,012.0","2,806,501.8","3,182,360.6","3,018,749.8","2,647,910.1","2,286,734.9","2,197,949.4","2,340,820.9","1,983,518.7"
AMERICA,NI ,Nicaragua,"43,275.1","62,980.5","31,376.8","41,670.9","28,295.9","41,573.3","30,561.9","21,154.6","27,010.6","25,139.2","27,270.2","31,772.7","22,253.6"
AMERICA,PA ,Panamá,"515,807.7","395,133.3","331,984.2","232,847.0","162,263.2","218,448.7","285,428.4","519,281.0","265,662.1","124,052.5","122,089.6","100,144.3","103,970.9"
AMERICA,PE ,Perú,"641,530.0","578,635.6","413,920.3","307,044.9","197,351.1","253,833.5","216,018.7","185,278.3","155,897.1","160,533.9","142,347.1","158,222.1","183,427.0"
AMERICA,PM ,San Pedro y Miquelón,97.5,104.9,138.7,53.1,149.1,93.4,206.4,44.5,7.9,67.6,2.5,70.4,5.1
AMERICA,PY ,Paraguay,"80,044.9","59,611.3","54,838.9","48,107.3","27,569.2","30,217.7","21,314.1","15,786.8","17,084.4","16,103.0","24,166.2","28,465.2","22,752.2"
AMERICA,SR ,Surinam,"5,209.7","4,705.6","4,844.8","5,925.8","3,898.4","2,795.8","4,218.5","2,104.2","1,571.0","2,531.4","1,678.0","1,563.4",940.7
AMERICA,SV ,El Salvador,"74,686.5","57,644.1","43,520.7","40,803.5","32,886.8","44,090.9","44,470.7","52,634.0","46,799.1","47,813.3","55,289.3","57,091.1","74,652.2"
AMERICA,SX ,San Martin,"2,964.6",..,..,..,..,..,..,..,..,..,..,..,..
AMERICA,TC ,Islas Turcas y Caicos,55.0,62.0,776.0,174.9,16.5,350.5,182.8,418.3,205.2,176.8,166.0,268.2,255.8
AMERICA,TT ,Trinidad y Tobago,"21,100.5","18,606.7","22,583.3","20,310.6","17,910.9","37,671.7","29,400.2","22,385.3","24,167.8","256,400.1","21,709.6","22,429.5","13,571.7"
AMERICA,US ,Estados Unidos,"8,678,826.5","9,020,261.8","7,913,715.7","6,592,464.7","5,705,873.9","7,544,367.8","7,441,649.9","7,525,672.2","6,392,601.5","5,801,984.4","5,689,341.7","5,787,512.9","5,651,555.6"
AMERICA,UY ,Uruguay,"252,244.9","167,416.5","154,690.6","123,604.3","92,981.6","106,484.0","81,541.7","75,851.8","57,395.3","59,929.9","76,287.9","97,081.8","143,600.1"
AMERICA,VC ,San Vicente y las Islas Granadinas,580.5,"7,629.5","6,598.2","12,338.9","6,398.5","1,397.7","9,450.7","37,853.7","4,022.8","32,780.4","34,925.2","29,823.8","12,023.8"
AMERICA,VE ,Venezuela,"916,659.5","1,545,812.4","1,485,676.0","931,029.2","527,091.3","648,170.2","580,731.3","519,431.1","462,619.5","381,588.7","318,003.8","616,454.7","550,183.0"
AMERICA,VG ,Islas Vírgenes (GB),"2,605.2","4,566.4","6,234.9","29,548.0","16,170.6","12,716.6","9,252.7","55,001.7","35,444.2","39,959.2","25,390.9","10,629.5","11,439.6"
AMERICA,VI ,Islas Vírgenes (EE.UU),"1,558.1",434.9,"22,513.9","8,133.2","1,627.7","1,051.9","1,473.9","1,587.9","1,095.8","1,507.7","1,538.5","1,545.1","2,271.7"
ASIA,AE ,Emiratos Árabes Unidos,"2,010,582.2","1,515,678.8","1,295,909.4","950,241.0","920,485.6","1,177,362.3","876,854.9","823,634.4","633,140.5","499,628.9","601,384.1","518,166.7","373,926.1"
ASIA,AF ,Afganistán,"13,860.8","14,389.9","18,864.7","42,003.7","21,986.3","7,671.3","6,166.5","7,689.8","7,394.9","3,147.1","2,300.6","2,941.4",153.5
ASIA,AM ,Armenia,"34,614.3","33,274.9","32,311.3","15,908.1","10,587.1","16,753.3","15,197.1","9,341.0","7,107.6","5,836.5","6,312.8","4,204.7","8,163.4"
ASIA,AZ ,Azerbaiján,"78,666.0","52,413.1","50,142.4","29,584.8","22,073.3","23,844.9","18,966.4","19,404.3","14,483.2","11,205.1","11,969.4","9,893.0","4,213.9"
ASIA,BD ,Bangla Desh,"68,209.2","73,015.8","69,915.4","64,129.7","49,299.0","59,811.4","56,302.5","50,684.2","46,801.2","58,554.6","40,166.8","39,130.2","29,780.5"
ASIA,BH ,Bahréin,"98,079.7","106,274.7","80,615.3","57,729.5","70,180.5","68,991.4","61,880.1","56,903.6","46,256.4","38,732.1","35,459.2","40,500.3","31,886.6"
ASIA,BN ,Brunei Darussalam,"2,337.8","2,531.7","1,188.0","1,273.6","1,350.0","7,980.6",640.8,"2,439.3","4,376.7","4,787.8","2,951.4","2,213.9","1,011.9"
ASIA,BT ,Bután,109.1,65.3,99.7,64.9,64.8,32.4,15.9,..,..,..,..,..,..
ASIA,CN ,China,"3,942,808.1","3,784,823.5","3,387,341.0","2,663,448.8","1,986,110.8","2,152,730.8","2,126,671.7","1,722,197.0","1,527,310.2","1,162,262.8","1,100,364.9","796,149.7","634,356.8"
ASIA,GE ,Georgia,"79,029.2","63,423.1","52,463.2","28,869.5","16,100.9","33,292.4","20,485.6","17,355.1","17,447.8","8,301.6","14,170.6","8,352.8","6,099.7"
ASIA,HK ,Hong Kong,"852,232.1","905,287.8","900,449.2","731,627.2","521,780.6","578,674.0","524,415.1","508,770.9","518,956.0","413,161.4","394,849.7","485,123.0","508,135.3"
ASIA,ID ,Indonesia,"381,370.1","388,658.7","293,926.7","247,868.3","198,373.9","199,015.3","199,686.8","159,132.4","223,385.3","157,329.8","189,090.7","159,287.7","192,323.7"
ASIA,IL ,Israel,"1,207,321.9","1,048,977.3","1,092,683.1","836,757.6","595,359.4","773,630.4","619,183.5","591,978.7","518,386.5","511,932.2","574,048.1","688,090.7","847,729.1"
ASIA,IN ,India,"1,121,886.1","1,259,928.7","1,333,134.9","1,180,567.2","806,250.0","768,370.4","738,183.9","546,285.3","564,927.8","381,785.1","244,389.1","276,176.6","223,532.1"
ASIA,IQ ,Iraq,"185,191.4","104,659.8","114,287.4","77,621.1","51,908.7","27,269.0","21,922.6","21,074.4","24,536.4","38,034.8","45,542.0","73,090.4","103,819.8"
ASIA,IR ,Irán,"314,754.6","498,888.8","656,303.2","492,841.1","443,336.0","466,586.8","452,517.9","329,110.9","373,907.0","443,331.9","403,186.5","325,826.6","309,343.9"
ASIA,JO ,Jordania,"208,335.2","207,763.4","216,052.6","124,304.2","117,800.2","123,872.4","111,975.5","84,603.9","74,629.1","104,898.8","110,157.2","83,003.0","116,812.8"
ASIA,JP ,Japón,"2,216,533.5","2,095,923.3","1,821,535.3","1,416,335.4","1,212,981.7","1,457,582.4","1,303,818.3","1,265,757.8","1,153,370.8","1,166,725.5","979,735.6","1,034,680.0","1,185,564.2"
ASIA,KG ,Kirguizistán,"6,090.9","4,274.7","4,364.6","3,995.8","1,910.2","2,366.3","2,063.9","1,741.7","1,265.1","1,429.1","1,090.9",989.9,"1,265.4"
ASIA,KH ,Camboya (Campuchea),"6,495.7","5,627.6","4,889.8","3,570.8","1,660.8","2,636.8","1,890.9","1,812.8","1,759.9","1,421.6","1,826.8","1,185.6","1,308.2"
ASIA,KP ,"Corea,Rep.Popular Democratica",685.3,"1,460.1","1,249.6",514.3,"1,433.5","17,084.9","1,525.1","5,507.7","7,680.5","6,982.0","9,865.5","22,528.5","35,266.4"
ASIA,KR ,"Corea , Replublica de","1,074,073.5","1,077,916.6","790,673.4","742,008.9","574,733.3","569,520.7","534,096.9","512,099.7","413,366.6","361,085.4","338,065.2","370,581.4","302,924.0"
ASIA,KW ,Kuwait,"266,235.1","214,879.9","199,179.6","164,882.5","149,331.3","197,704.5","185,904.5","145,931.3","132,887.3","140,246.7","136,290.7","143,160.7","126,175.2"
ASIA,KZ ,Kazajstán,"297,668.0","168,242.7","99,756.7","47,760.3","53,557.1","63,736.1","61,895.7","41,215.8","31,812.2","48,825.6","51,422.8","24,905.8","19,052.2"
ASIA,LA ,Laos,"1,368.8",785.8,709.1,447.8,472.1,365.6,362.3,121.1,317.7,101.3,413.3,"1,252.0",701.1
ASIA,LB ,Líbano,"342,999.6","392,658.6","277,749.1","271,332.3","214,608.8","195,013.8","153,511.3","137,635.2","134,915.9","147,168.1","191,168.4","195,629.7","174,163.2"
ASIA,LK ,Sri Lanka,"48,704.9","44,723.2","24,901.1","15,318.1","11,855.1","26,559.2","28,573.8","19,270.2","20,042.9","13,239.9","14,270.1","12,837.8","14,635.0"
ASIA,MM ,Myanmar,"16,962.8","7,610.5","10,755.8","3,609.8","3,436.2","2,592.8","1,537.8","1,712.4","1,263.0","1,239.7","1,650.5","1,395.7",926.5
ASIA,MN ,Mongolia,"13,141.4","10,162.5","4,627.9","3,497.4","1,338.1","5,302.2","6,075.9","1,818.4",538.5,"3,229.4","7,203.4",252.5,227.3
ASIA,MO ,Macao,"9,838.5","8,528.9","7,226.5","5,258.7","5,527.7","6,722.5","5,597.1","4,378.6","4,175.3","5,709.9","3,580.0","8,356.3","13,956.1"
ASIA,MV ,Maldivas (Islas),"2,432.2","1,540.5","1,753.6","1,275.8","1,025.2","1,338.3","1,253.7","1,241.7",801.9,888.5,518.9,575.4,451.1
ASIA,MY ,Malasia,"350,630.4","384,904.5","296,422.7","224,318.2","357,379.4","241,905.0","359,155.1","231,748.6","186,415.2","164,172.6","169,132.2","171,201.5","171,505.0"
ASIA,NP ,Nepal,"3,197.9","2,873.9","2,193.4","4,018.4","2,298.3","3,326.5","2,635.1","1,444.0","1,958.4","1,413.1","2,109.0","2,217.3","2,298.8"
ASIA,OM ,Omán,"396,650.0","148,848.7","99,706.0","356,401.4","60,918.9","90,786.6","67,054.1","51,977.9","41,852.4","36,331.2","38,148.7","34,108.3","33,605.2"
ASIA,PH ,Filipinas,"307,299.8","274,066.3","193,824.7","167,000.2","129,484.0","136,350.1","118,471.6","104,578.5","104,171.9","152,818.8","131,700.9","131,200.2","127,435.2"
ASIA,PK ,Pakistán,"142,984.6","153,194.7","134,782.5","93,860.6","92,511.8","91,937.0","95,409.1","91,756.0","96,809.4","82,271.2","70,291.3","66,150.4","56,565.8"
ASIA,PS ,Cisjordania/F.Gaza,"10,618.7","7,204.7","6,548.0","3,640.5",895.2,"3,576.0","1,634.2","1,552.5","6,007.1","1,050.8","2,308.9",874.9,962.4
ASIA,QA ,Qatar,"214,068.3","188,069.9","194,077.3","133,250.6","183,474.4","267,332.4","386,978.0","200,212.2","72,802.5","374,071.9","47,387.7","53,479.9","31,211.4"
ASIA,SA ,Arabia Saudita,"2,375,560.5","1,652,147.9","1,341,205.0","1,047,019.5","880,275.1","972,353.2","928,686.2","687,258.7","618,859.1","570,556.4","582,230.0","631,257.2","697,686.4"
ASIA,SG ,Singapur,"791,810.9","840,871.2","457,763.5","686,700.5","566,219.5","376,657.3","361,763.0","446,046.7","265,928.0","285,085.1","276,182.0","485,600.4","410,848.2"
ASIA,SY ,Siria,"19,525.1","88,454.5","159,542.4","161,547.1","184,735.0","206,185.9","162,117.8","147,515.9","118,690.6","131,111.4","123,155.7","101,812.0","107,661.9"
ASIA,TH ,Tailandia,"469,289.4","417,649.9","401,325.2","324,129.1","251,758.7","337,149.4","264,912.7","229,499.2","227,138.5","209,866.7","194,938.0","213,028.6","244,745.8"
ASIA,TJ ,Tajikistán,"1,344.4",635.2,"1,372.6",994.9,884.6,587.6,108.6,316.4,372.4,433.3,293.7,"1,892.3","2,267.6"
ASIA,TL ,Timor-Este,173.9,13.5,21.9,131.7,159.7,139.5,221.3,9.7,11.5,1.4,4.0,81.7,0.0
ASIA,TM ,Turkmenistán,"31,922.0","25,989.3","10,851.6","7,302.5","17,533.5","5,986.4","2,441.3",462.3,"1,558.6","3,620.2","1,439.5","2,140.6","1,851.2"
ASIA,TR ,Turquía,"4,814,457.9","4,730,091.2","4,465,013.7","3,746,498.0","2,842,543.8","3,006,398.8","2,946,928.8","2,785,379.0","2,695,110.9","2,599,164.0","1,737,829.8","1,453,931.4","1,111,779.9"
ASIA,TW ,Taiwán,"486,369.1","440,555.4","364,977.0","320,826.7","290,310.4","274,550.9","307,004.7","274,687.2","296,050.1","246,186.5","237,685.9","286,120.6","317,323.4"
ASIA,UZ ,Uzbekistán,"15,924.0","12,903.6","52,296.5","14,765.4","9,997.1","9,655.9","8,047.8","4,038.8","7,125.8","3,961.5","5,051.4","10,551.7","14,919.7"
ASIA,VN ,Vietnam,"245,245.1","203,828.1","224,172.6","158,156.9","113,852.1","106,301.2","99,219.6","80,285.7","69,090.0","82,373.8","82,796.7","86,002.4","60,217.8"
ASIA,YE ,Yemen,"64,248.9","37,984.9","18,828.5","26,828.2","24,197.1","29,186.3","24,072.2","21,884.9","19,148.1","19,549.8","23,212.5","25,494.8","23,953.0"
OCEANIA,AS ,Samoa Americana,544.6,664.3,12.7,947.8,852.0,742.3,"1,361.5",309.7,835.1,515.5,569.6,471.0,53.8
OCEANIA,AU ,Australia,"2,440,360.7","2,218,568.3","1,544,414.4","1,110,022.9","834,140.8","1,036,747.9","1,028,709.4","749,784.3","742,300.1","758,918.2","579,844.4","539,084.8","444,202.3"
OCEANIA,CC ,Islas Cocos (Keeling),0.0,..,..,88.2,..,"832,820.1",..,..,..,3.9,..,..,..
OCEANIA,CK ,Islas Cook,"1,954.5",359.2,273.3,199.6,18.8,31.4,32.7,31.5,19.5,23.7,72.5,54.6,120.7
OCEANIA,CX ,Isla Navidad,0.0,..,..,..,..,17.2,..,5.3,4.0,27.4,0.5,0.1,..
OCEANIA,FJ ,Islas Fidyi,727.9,671.8,"1,309.1",245.8,683.4,436.7,656.4,498.7,"1,066.0",920.6,569.0,631.7,591.3
OCEANIA,FM ,"Micronesia, Est. Fede.",303.4,300.3,240.6,84.0,188.0,246.7,..,0.8,9.4,89.6,74.1,..,..
OCEANIA,GS ,Georgia del Sur e Islas Sandwich Sur,1.2,..,..,..,..,..,..,..,..,..,..,..,..
OCEANIA,GU ,Guam,790.2,379.4,"1,192.8",869.2,806.0,"1,752.5","1,003.8",862.5,429.8,589.5,433.6,619.1,870.9
OCEANIA,HM ,I. Heard e I. Mcdonald,0.0,..,..,..,..,..,..,..,0.3,..,86.7,..,..
OCEANIA,KI ,Kiribati,"6,323.9",32.1,11.9,4.9,..,2.1,1.3,..,0.8,445.7,311.0,13.8,14.4
OCEANIA,MH ,Islas Marshall,"13,288.7","3,135.8","26,557.2","3,264.8","4,955.5","3,633.2","40,793.7","88,961.2","126,191.3","39,590.1",294.1,127.8,24.7
OCEANIA,MP ,I. Marianas del Norte,5.3,0.7,304.8,259.9,208.2,244.3,396.9,284.8,16.4,36.3,40.5,167.3,67.2
OCEANIA,NC ,Nueva Caledonia,"22,610.6","19,931.1","17,732.5","14,920.1","13,368.3","16,263.0","18,680.3","18,392.7","14,889.2","14,773.0","16,424.7","15,297.8","14,816.4"
OCEANIA,NR ,Nauru,9.7,0.4,..,0.4,..,0.2,..,0.5,0.5,..,22.2,..,34.0
OCEANIA,UN ,Niue (Isla),0.0,..,..,..,..,..,..,11.4,..,..,..,..,..
OCEANIA,NZ ,Nueva Zelanda,"189,510.7","117,974.4","120,987.2","101,160.7","71,486.9","127,023.6","125,268.8","96,707.3","86,529.6","65,207.2","69,090.7","58,308.3","57,223.4"
OCEANIA,PF ,Polinesia Francesa,"12,437.9","10,931.1","12,035.8","10,872.5","9,614.3","14,349.5","15,695.7","11,215.8","8,757.1","8,145.9","9,622.2","9,954.3","9,624.0"
OCEANIA,PG ,Papua Nueva Guinea,"3,656.0","15,166.2","8,637.3","1,089.7","2,727.5",702.6,549.0,"1,703.0",322.1,360.2,272.5,"1,656.5","1,024.6"
OCEANIA,PN ,Pitcairn,0.0,..,..,..,..,..,..,..,..,..,..,..,..
OCEANIA,PW ,Paláu,23.0,32.0,..,..,..,19.0,..,..,..,..,..,..,..
OCEANIA,SB ,Islas Salomón,139.6,195.1,780.3,36.6,26.1,603.8,35.7,18.5,6.8,9.0,9.4,4.6,46.3
OCEANIA,TK ,Tokelau (Islas),0.6,0.0,12.3,1.8,1.4,0.7,..,70.5,..,11.1,1.7,..,..
OCEANIA,TO ,Tonga,"1,429.5",19.3,23.7,7.9,0.5,2.3,2.1,6.3,..,4.2,46.8,46.0,13.3
OCEANIA,TV ,Tuvalu,13.4,1.3,..,..,..,10.7,4.0,..,"4,000.0",..,0.3,3.0,..
OCEANIA,UM ,Islas Menores Alejadas,0.0,..,..,..,..,7.2,1.9,0.6,2.2,3.9,3.3,..,1.8
OCEANIA,VU ,Vanuatu,155.7,354.8,"1,323.6","1,745.6","6,165.3","1,615.3",955.7,90.4,119.8,"1,752.9",78.6,101.7,31.6
OCEANIA,WF ,Islas Wallis y Futuna,2.2,6.6,16.2,4.3,70.0,18.4,0.1,..,37.2,15.6,926.0,96.4,41.0
OCEANIA,WS ,Samoa Occidental,147.1,80.5,97.7,53.8,181.5,"1,659.2",14.0,24.5,309.5,196.0,291.7,265.3,..
OCEANIA,Otros,Otros,..,0.9,..,3.3,..,11.2,5.0,..,..,..,..,0.1,8.9
OTROS,AQ ,Antartida,136.0,117.9,243.3,484.9,"4,453.2",509.4,398.4,872.1,49.7,94.3,548.0,258.3,121.9
OTROS,BV ,Isla Bouvert,0.0,..,16.2,1.9,..,..,2.4,1.5,..,..,..,..,..
OTROS,QP ,Alta Mar,"899,978.2",..,..,..,..,..,..,..,..,..,..,..,..
OTROS,QR ,Avituall. y Combustible. UE,"2,959,653.1","3,829,633.4","2,183,190.7","1,641,820.6","1,232,033.9","1,769,662.3","1,207,354.0","906,477.8","649,672.6","427,419.0","344,050.2","346,147.7","305,415.4"
OTROS,QS ,Avituallamiento Terc.,"4,561,780.5","3,429,197.0","2,685,650.1","2,566,271.0","2,005,551.5","2,330,370.3","2,070,717.7","1,267,743.4","915,111.4","801,611.3","716,467.3","602,417.1","606,824.4"
OTROS,QU ,No determinados,0.0,..,..,..,..,..,..,..,..,..,..,..,..
OTROS,QV ,Países y Territorios (intrc.),"52,270.0","54,032.1","57,139.1","1,639,099.9","118,631.5","391,103.8","220,785.0","1,204,693.0","1,265,126.1","888,645.7","718,473.1","587,095.4","819,003.1"
OTROS,QW ,Países y Territorios (extr.),"681,389.8","1,263,699.8","2,312,225.0","89,172.1","1,345,025.4","2,411,518.6","1,782,045.3","921,448.3","721,443.3","527,799.3","422,605.0","396,294.8","475,555.3"
OTROS,QY ,Paises y Territ. No Prec.Raz.con.Intra,0.0,..,..,..,..,..,..,..,..,..,..,..,..
OTROS,QZ ,Paises y Territ. No Prec.Raz.con.Extra,0.0,..,..,..,..,..,..,..,..,..,..,..,..
OTROS,TF ,Tierras Australes FR,0.0,3.9,30.1,2.2,142.5,..,..,6.7,0.4,..,..,10.4,2.3
OTROS,XO ,Código País esp.vari,0.0,..,..,..,..,..,..,..,..,..,..,..,..
OTROS,X3 ,Comercio entre Empresas Nacionales (RPA),0.0,..,..,..,..,..,..,..,..,..,..,..,..